author|flightDate|flightFromCity|flightToCity|flightType|flightClass|mark|title|text
tittiecarlo|marzo 2020|Mal√©|Milano|Internazionali|Economy|5.0|Volare Alitalia senza problemi|Volo puntuale, l'ultimo volo Alitalia per Milano prima della chiusura totale causa COVID. Veivolo pulitissimo, personale gentile e sempre disponibile . abbiamo viaggiato nei posto a due senza nessuno davanti, comodi. Pasti discreti. Il volo √® arrivato puntuale a destinazione e senza disagi nonostante fosse pieno.
Emanuela DNP|marzo 2020|Buenos Aires|Napoli|Internazionali|Business|5.0|Bravissimi|Bravissimi!!! Emergenza Corona Virus ü¶†, Tutte le compagnie aeree hanno dato uno stop ai voli ‚úàÔ∏è Alitalia sta riportando tutti gli italiani in patria! Sono una dei tanti... con un biglietto per il 26 marzo e l‚ÄôArgentina che aveva dichiarato lo stop ai voli da √® per l‚ÄôItalia, ieri sono corsa in aeroporto per cercare di tornare a casa! ( ero partita prima che l‚Äôemergenza scoppiasse..!!) dopo alcune ore veramente terribili in aeroporto in cui ho creduto di dover essere rimpatriata dall‚Äôunita di crisi, finalmente all‚Äôultimo secondo un minuto prima della partenza sono stata imbarcata sul volo diretto per Roma!!! Non so descrivere quanto sia stato piacevole e quanto io abbia apprezzato l‚Äôaccoglienza ospitale e calorosa ricevuta a bordo! Il personale di volo attento e cordiale, ha svolto il servizio con grande professionalit√† ma anche con fare amichevole, proprio di noi italiani, che √® quello che mi ha spinto a fare questa recensione. Appena salita a bordo mi sono sentita finalmente a casa ed in luogo sicuro!! Grazie Alitalia, grazie a tutto il personale che si sta adoperando per riportarci a casa!!! Ricordiamoci di questo quando tutto sar√† passato, e finalmente potremo ricominciare a spostarci senza paura!!!
18giony|marzo 2020|Roma|Parigi|Europa|Economy|2.0|Volo di transito|Un servizio scarso mi aspettavo molto di pi√π essendo di stato.un servizio scarso e quasi inesistente. Poi ho capito perch√© eravamo in pochi a bordo
Ambra A|marzo 2020|Bologna|Catania|Nazionali|Economy|2.0|SERVIZIO CLIENTI PESSIMO|Alitalia √® una buona compagnia aerea ma il servizio clienti √® pessimo anzi pi√π che pessimo, capisco la situazione critica di questo momento e le innumerevoli richieste che devono gestire, per√≤ invece di mettere solo due numeri per parlare con il servizio clienti potrebbero attivare un servizio online o anche una semplice email dove poterli contattare, io ho provato a chiamare il numero verde per giorni interi senza alcun riscontro, inoltre ho chiamato il servizio clienti a pagamento ma anche l√¨ ho speso solo 5 euro di traffico per l'attesa, non so pi√π con quale mezzo poterli contattare per un semplice rimborso, dovr√≤ spendere di traffico tanto quanto il costo del biglietto aereo?
Alfiozappala132|aprile 2019|Roma|Catania|Nazionali|Economy|5.0|compagnia eccezionale|mi sono trovato bene personale gentilissimo professionale preparato Alitalia sa far davvero rilassare sono contento di aver viaggiato con Alitalia la consiglio perch√© il servizio clienti e pronto ad aiutare le persone
velvet54|febbraio 2020|Roma|Buenos Aires|Internazionali|Business|5.0|Ottimo volo|Compagnia con una grande tradizione di elevato comfort a bordo anche per la classe economica. Cibo di qualit√† trattato con grande maestria e degno di un ristorante stellato. Equipaggio disponibile e intrattenimento con tanta scelta, anche per i bambini.
Gavroche464|dicembre 2019|Milano|Bari|Nazionali|Economy|5.0|Orgoglio italiano, ma.|Il mio primo viaggio aereo, a Johannesburg, oltre 10.000 kilometri ad elica (una ventina di ore). Allora, quasi 70 anni fa, avvertivo un modesto senso di avventura, in Congo sosta di un paio d'ore, tutti seduti a un tavolone, grandi vassoi con cibi ancora rari in Europa, come certa frutta, a me milanese del tutto sconosciuta. A questo senso di modesta avventura contribuiva anche molto la mia sacrosanta fifa. E oggi? Non pi√π fifa. Alitalia campione di puntualit√†, aranciatina tutto quanto offerto ai passeggeri (ricordo allora pranzi da strozzarti in voli di un'ora), personale cortese, sedili comodi . Non sono d'accordo per le divise, non so da chi disegnate, ma che trovo brutte. Conclusione: voleremmo Alitalia, se il futuro ce lo permettesse.
Lorenzo C|NULL|Milano|Tokyo|Internazionali|Premium Economy|5.0|La classe italiana|Volo di andata e di ritorno ineccepibili. Lo spazio non √® elevatissimo ma sufficiente. Il confort assicurato. Ampia scelta di intrattenimento, dotazioni tecnologiche efficienti, menu vario e di buon livello, personale disponibile e gentile. Pulizia, temperatura e qualit√† dell'aria eccellenti. Naturalmente i voli sono stati puntualissimi.
Cristiano G|marzo 2020|New York City|Milano|Internazionali|Economy|2.0|Un volo Alitalia dopo diversi anni|Per anni ho volato quasi solo con Alitalia: una media di 35-50 tratte all‚Äôanno di cui un terzo/met√† intercontinentali. Volavo con la compagnia di bandiera perch√© da italiano ci tengo a salvaguardare ed a valorizzare le nostre eccellenze. Pian piano ho visto il servizio peggiorare: dalla qualit√† del cibo, alla qualit√† dell‚Äôintrattenimento a bordo (ormai dire obsoleto √® fargli un complimento) alla sempre pessima qualit√† dell‚Äôimbarco (per quale motivo non pu√≤ funzionare come in tutte le altre compagnie aeree del globo?!?). La goccia che ha fatto traboccare il vaso √® la stata la pessima gestione della scadenza delle miglia, alcuni anni fa: impossibile ordinare nulla su Millemiglia gallery ed altamente improbabile trovare una tratta con le proprie miglia, cos√¨ stoicamente guadagnate. Da un paio d‚Äôanni ho quindi cambiato vettore (Delta) e carta di credito in modo da non accumulare pi√π, in nessun modo, le miglia Alitalia. Purtroppo per causa Coronavirus Delta mi ha ricollocato su un volo Alitalia ed ho quindi riprovato gli ‚Äúantichi splendori‚Äù... Purtroppo la situazione √® ancora peggiorata. Non consiglio Alitalia, ma la ringrazio per avermi portato a casa in un momento in cui nessuno voleva volare verso l‚ÄôItalia. P.S. trovate un modo per far spendere le Miglia Alitalia ai clienti in modo pi√π agevole.
Lucio Oieni|maggio 2019|Roma|Buenos Aires|Internazionali|Business|5.0|ELEGANZA SENZA PARI|La classe business di Alitali corrisponde alla prima classe di tante altre compagnie. Quindi il rapporto qualit√† prezzo veramente conveniente. Ottima la poltrona letto, professionale il personale e il miglior cibo del mondo .
Riccardo C|giugno 2019|Palermo|Marsiglia|Europa|Economy|5.0|ottima come poche altre compagnie|avere pi√π spazio in cabina e non dover sentire odore di cibo ed annunci di lotterie per soli 10 euro a tratta in pi√π √® un piacere impagabile. La puntualit√† e la comodit√† degli orari poi non hanno prezzo.
Alessandro D|gennaio 2020|Roma|Mal√©|Internazionali|Premium Economy|5.0|Tutto perfetto - Puntualit√† e comodit√†|Tutto perfetto, cordialit√† e gentilezza, puntualita del volo e comodit√† con il volo diretto. Consigliato e veloce
Antonella P|novembre 2019|Milano|New York City|Internazionali|Business|5.0|Viaggiare in magnifica con Alitalia resta un emozione davvero ‚Äúmagnifica‚Äù|Cortesia, disponibilit√†, professionalit√† hanno reso il viaggio confortevole e davvero unico. Siamo atterrati a New York senza avvertire la minima stanchezza grazie allo staff che si √® gentilmente prodigato a rendere tutto semplicemente perfetto. Grazie Alitalia
Assunta S|febbraio 2020|Roma|Isola di Rodrigues|Internazionali|Premium Economy|2.0|purtoppo pur essendo nazionalista|i costi sia della permium che business non sono all'altezza di altre compagnie, sono aerei vecchi ,il servizio a bordo √® carente .in pi√π per un ritardo dipendente dalla partenza :mauritius all'arrivo a roma si sono venduti il nostro volo di transito x bari,ci hanno offerto ilpernottamento (PUR ESSENDO HILTON GARDEN) ma alla cena due maccheroni riscaldati e del pesce (teglia vuota)abbiamo foto ,e la stanza ...lasciamo perdere.....e chiss√† quanto √® costato alla compagnia ?perch√® √® chiaro che √® tutto un giro di clientelismo ..saluti ASSUNTA SIMEONE
Danila G|luglio 2019|Torino|Roma|Nazionali|Economy|5.0|Professionalit√†.|E' qualche anno che uso Alitalia per le mie vacanze a Roma e devo dire che mai ho avuto delusioni o contrattempi; questa compagnia √® valida, efficiente e professionale. Il check-in veloce . Durante il volo il personale √® stato molto presente . Continuer√≤ ad usare Alitalia e i suoi servizi.
tiziano b|febbraio 2020|Milano|Palermo|Nazionali|Economy|4.0|Un comodo volo low cost da Linate|Per visita parenti abbiamo preso un volo low cost con orario comodo ( ore 9,30 all'andata di venerdi e 19,45 di sabato per il ritorno) buon servizio sia all'accoglienza in aeroporto sia a bordo con una bevanda gratis e attenzione ai bagagli da inserire nele cappelliere . Sicuramente a questi costi √® un'ottima alternativa a Raynair con i suoi voli da Bergamo ( pi√π lontano da raggiungere ) con troppe restrizioni di peso e costi aggiuntivi per il trolley in cabina ,
Salvatore D|febbraio 2020|Catania|Madrid|Europa|Economy|4.0|Volo rilassante|Volando con Alitalia mi sono sempre sentito sicuro e infatti anche questa volta tutto √® andato bene,hostess cortesi e disponibili,volo rilassante complice un clima mite anche se a Febbraio.
supermary66|febbraio 2020|Milano|Roma|Nazionali|Economy|4.0|Ottimo volo a/r in giornata|Spazio per le gambe sufficiente, servizio a bordo di bevande e snack gratis... incredibile per chi √® abituato a compagnie aeree low cost dove paghi anche solo se respiri!üòú
Nico_ufo|marzo 2020|Genova|Tirana|Europa|Economy|3.0|Volo Genova / Tirana A/R|Per viaggio di A/R effettuati 4 voli con hub Roma Fiumicino. Purtroppo gli orari programmati fanno si che per volare da Genova a Roma servano almeno 5 ore considerando tempi prima di imbarco, sosta e arrivo a destino. Un volo diretto con mendo di 2 ore tra pre imbarco e arrivo sarebbe molto comodo. Peccato che non ci siano altre compagnie con orari e giorni interessati per chi deve andare per lavoro e non perdere la gioranta.
Mario P|marzo 2020|Roma|Nizza|Europa|Economy|5.0|Roma Nizza andata e ritorno|Un volo di corto raggio, piacevole, ottimo servizio e sorprendente vedere quelle persone che si imbarcavano con altre compagnie in balia di file mostruose e noi filare lisci all'aereomobile con il controllo documenti affidato al personale Alitalia perfettamente addestrato.
alverdisonia|agosto 2019|Bologna|Cagliari|Nazionali|Premium Economy|4.0|Vacanza a Cagliari e a Carloforte|E' stato un bel volo, trattata con discrezione e tatto oltre che essere stato un viaggio piacevole e comodo. Il personale e' formato e specializzato ed il pilota e' stato molto bravo anche nell'atterraggio, tanto che non si e' quasi avvertito. Spero di avere modo di poter viaggiare ancora con Alitalia.
Elisabetta|gennaio 2020|Roma|Mahebourg|Internazionali|Economy|5.0|Un volo ottimo|Da Roma a Mauritius sono 10 ore di volo andata e altrettanto ritorno... volo lungo, noioso ma assolutamente perfetto da parte della compagnia, nessuna turbolenza che fortuna, ma anche decolli e atterraggi silenziosi e una buona assistenza a bordo. Per viaggi lunghi ho sempre scelto Alitalia ed √® andato sempre tutto bene. Volo tranquillo questo √® quello che conta
4lella|gennaio 2020|Citt√† del Messico|Roma|Internazionali|Economy|1.0|UNA TRAGICOMICA|Non credo di aver mai visto un aereo in cos√¨ pessime condizioni. Sedili,monitor, braccioli rotti in quantit√† esagerata. Un numero di hostess e stewart mai visto in nessun volo di nessuna compagnia aerea VERGOGNOSO...HO CAPITO PERCHE' STA FALLENDO
14alessandro|gennaio 2020|Roma|Miami|Internazionali|Economy|4.0|Salvo stranezza molto buono|ho ritrovato gentilezza, la cosa migliore sono i piloti, viaggio anche di ritorno ottimo, massima attenzione per un passeggero con problemi cardiaci, se fosse stato infarto sarebbe atterrato in Canada. La stranezza: sia all'andata che al ritorno i posti assegnati, a me in zona centrale, al mio famigliare in zona laterale, ci avrebbero costretti a viaggiare separati se non avessimo fatto un cambio posto con altri viaggiatori singoli.
senpessina|marzo 2020|Luxembourg|Milano|Europa|Economy|2.0|..forse √® colpa del CV-19!!|Aeromobile semivuoto per emergenza Coronavirus, partito con discreto anticipo, e questo dovrebbe essere un vantaggio...peccato che nessuno si sia premurato di annunciarlo; equipaggio visibilmente provato ed in disordine (forse anche essendo un volo serale!), posti mal distribuiti e confort limitato ad un bicchiere d'acqua servito su un misero vassoio!
ilnapo69|febbraio 2020|Napoli|Rio de Janeiro|Internazionali|Premium Economy|5.0|puntuale|come sempre √® la migliore compagnia aerea con cui ho viaggiato negli ultimi 20 anni, ha una precisione e una puntualit√† uniche. Mai avuto un problema con i bagagli, cosa che con altre compagnie ho avuto. Aerei puliti e anche in economy lo spazio √® notevole. Molto soddisfatto anche delle promozioni e dei prezzi. Sicuramente cercher√≤ di viaggiare sempre con alitalia
Mandrugone|marzo 2020|Bologna|Cagliari|Nazionali|Economy|5.0|Tutto perfetto|Era da tanto che non volavo con alitalia e devo dire che tutto √® stato perfetto, compresa la puntualit√† dei voli con scalo a Fiumicino
Valentina F|ottobre 2019|Roma|Malaga|Europa|Economy|5.0|Alitalia √® una garanzia|Ho viaggiato Alitalia per i dispiaceri ricevuti dalla compagnia Vueling le scorse volte. Una compagnia in difficolt√† economiche eppure una garanzia nel rispetto dei suoi clienti. Sono felice di poter parlare bene della nostra compagnia di bandiera.
adm7359|marzo 2020|Roma|L&#39;Avana|Internazionali|Economy|4.0|volo diretto per La Havana|Andata 22 Febbraio 2020: i posti in Economy non erano comodissimi, anche l'intrattenimento con video piuttosto obsoleto. Al ritorno, 7 Marzo 2020, tutto decisamente pi√π comodo ed efficiente. A parit√† di servizio, l'aereo presentava pi√π comodit√† nei posti, migliore sistema di intrattenimento. In 9 ore da La Havana si era gi√† a Roma. Prenotato per tempo con degli amici, il costo era decisamente buono. Complimenti ad Alitalia per il servizio che prevede il rimborso per cause di forza maggiore.
antonio marin|febbraio 2020|Atene|Roma|Europa|Economy|2.0|SCIOPERO!!!!|Come al solito, la situazione di alitalia ha compromesso il mio viaggio. Il volo e' stato cancellato, sono rimasto in aeroporto ad atene 12 ore per aspettare il nuovo volo di rientro a roma Z721. Sono arrivato a destinazione (venezia) alle 22.00
Franco R|settembre 2019|Roma|New York City|Internazionali|Economy|5.0|Viaggio|Alitalia la migliore. Sempre puntuale. Sempre attenti alle esigenze. Sempre educati pronti ad accogliere le proprie esigenze
Franco F|febbraio 2020|Roma|Miami|Internazionali|Premium Economy|5.0|due voli (a/r) assolutamente perfetti|viaggiato su airbus330, andata e ritorno 2 voli perfetti. Il costo del biglietto premium economy non √® basso, ma tenendo conto del servizio, del cibo, della pulizia dei bagni curata, del confort per le gambe, direi che va bene.
Giovanni O|agosto 2019|Milano|Cagliari|Nazionali|Economy|4.0|tutto ok|Direi che tutto a posto. Volo piu che normale.....ovviamente un volo nazionale nulla di impegnativo. Orario di partenza ok...idem orario di arrivo. Servizio a bordo relativo ad un volo nazionale.
giovanniRoma_Italia|gennaio 2020|Roma|Palermo|Nazionali|Economy|5.0|sempre bene|ormai volo solo alitalia, voli puntuali, personale estremamente gentile, qerei puliti. Vado relativamente spesso a palermo e ogni volta scelgo questa compagnia. Acquistando il biglietto in anticipo, spendo poco. giovanni
tostomed|febbraio 2020|Roma|Mal√©|Internazionali|Economy|2.0|Minimo indispensabile|La scelta di questa compagnia deriva solo dal fatto che non si fa scalo come tutte le altre nel pieno della notte e si arriva dopo 8.30 ore di volo a mal√® verso la tarda mattinata, perlomeno in andata perch√© il ritorno si fa completamente di giorno. Gli aeromobili sono vecchi e datati (Airbus 330) seppur abbiano fatto un restiling; non vale per il personale che √® nella media scortese, lavorando con aria da sufficienza; tutto ci√≤ non accade con altre compagnie, compresa Etihad. Ma alla fine si va alle Maldive e questo basta.
ettoregiordano|dicembre 2019|Lamezia Terme|Verona|Nazionali|Economy|3.0|In linea....|Prezzo-qualit√†.....in linea con il servizio. Gentilezza e cortesia rimangono elementi di qualit√† che fanno la differenza..
Leonardo M|NULL|Roma|Miami|Internazionali|Economy|3.0|Aereo piccolo distanza tra i sedili troppo minima|Il viaggio √® stato un po' faticoso per via della distanza troppo ravvicinata tra i sedili ed inoltre il passeggero davanti a me, nonostante i miei continui richiami, voleva stare sdraiato, comprimendo le mie ginocchia. Cibo neanche sufficiente.
babbion1987|marzo 2020|Roma|Milano|Nazionali|Economy|1.0|Compagnia decotta piena di scansafatiche e parassiti|"Situazione l'8 marzo, scalo di Fiumicino Innumerevoli voli cancellati per mancanza di passeggeri, ufficialmente a causa impennata di rinuncie per coronavirus (in realta' una buona scusa per fare pulizia di voli interni che circolano ormai semivuoti)  Episodio 1 - emissione di biglietto per modifica rotta con scalo aggiuntivo a Roma direzione Milano. Personale a terra antipatico e smpre sulla difensiva, con l'arroganza tipica di chi e' stato chiaramente 'sistemato per la vita' dagli amici politici.  Episodio 2 - la mia agenzia di viaggio ha modificato il piano di volo da Malpensa a Linate con scalo imprevisto a Roma. Io vivo vicino Verona quindi mi reco allo sportello passeggeri in transito per richiedere di poter cambiare con un volo per Verona, anziche' Linate. Risposta della 'simpatica' signora che dovrebbe 'assistere' i pochissimi clienti: ""questo biglietto non e' un volo Alitalia, non posso lavorarlo."" - ""Come non e' un volo Alitalia, e' stato emesso da voi! ""- "" E' operato da altra compagnia"" - ""nome?"" - ""xyz Airlines, puo' chiedere direttamente a loro se possono farle il cambio"" - ""Pero' guarda caso me lo ha emesso Alitalia....ma che razza di azienda partner e' se non siete capaci di gestire l'amminstrazione dei biglietti post-vendita?"". Inutile andare avanti, questa compagnia 'fantasma' non ha neppure un numero per clienti in Italia, fatica sprecata. In ogni caso l'aereo risulta targato Alitalia e il personale e' tutto Alitalia, Quindi questa tizia o non aveva voglia di lavorare o ha raccontato balle.  Aereo sporco, personale vecchio e annoiato, annunci incomprensibili con accento romanesco (p.s. so' tutti de Roma!).  Morale: mi auguri che andiate in fallimento e tutti a fare lavori socialmente utili a 600 euro al mese!!!"
Fulvio_rn|febbraio 2020|Roma|L&#39;Avana|Internazionali|Economy|3.0|posti streti|Volo di andata e ritorno puntuali, anzi anche un po' pi√π veloce del previsto, personale efficente e con la simpatia italiana. Veniamo ai punti negativi, aereo datato, posti a sedere stretti, molto stretti, sedili ormai a fine vita, entertament penso 7 pollici a bassa qualit√†. Pasti senza infamia e senza lode.
tiziano food In Love|febbraio 2020|Roma|New York City|Internazionali|Premium Economy|1.0|Maleducati|Personale maleducato e presuntuoso. Ero seduto sulla fila esterna e sono stato colpito continuamente dal personale che passava con il carrello. Ho chiesto se era possibile pulire il bagno per la mia ragazza e sono stato trattato malissimo come se avessi chiesto al pilota di lavare per terra. Siete dei presuntuosi scortesi maleducati. Non ho litigato con nessuno solo per evitare discussioni ad alta quota ma meritereste il licenziamento. Se vi d√† fastidio stare a contatto con il pubblico cambiate lavoro, alla fine siete dei camerieri un sorriso e la cortesia dovrebbero far parte del vostro lavoro
Viaggioperpiacere|agosto 2019|Roma|New York City|Internazionali|Economy|4.0|bel volo a NY e per nulla stancante|buon volo Delta gestito da Alitalia: anche se in classe standard c'√® troppo poco posto...gentile il personale e disponibile infatti, nonostante non fossi riuscita ad avere nella prenotazione il pasto gluten free, il personale di bordo √® riuscito a procurarmi buon cibo senza glutine.
Luca012_10|gennaio 2020|New York City|Milano|Internazionali|Premium Economy|4.0|Ottima premium|la mia recensione si riferisce ad un volo di Gennaio ante emergenza Corona Virus Ritengo che la premium in generale di Alitalia sia veramente una delle migliori in assoluto Ottimo il servizio , seduta comoda e molto ampia, area separata da economy quindi tranquilla senza passaggio. Toilette dedicata per la zone Premium Le tariffe inoltre sono molto concorrenziali in quanto poco superiori alla normale economy ma con u ottimo servizio Direi che √® la soluzione ottima per voli che io considero medi ; per tratte pi√π lunghe tipo Giappone o Cina ovviamente da prediligere sempre Business
monica942|giugno 2019|Firenze|Tel Aviv|Internazionali|Economy|5.0|compagnia di bandiera|come sempre la compagnia di bandiera italiana ripeto ITALIANA √® eccellente. Spero resti tale. oltre il volo Fi TLV Bengurion, anche volo a due tappe Firenze Nizza, non essendovi piu' collegamento diretot. ALITALIA ha inoltre aiutato e supportato il dr Francis Benguigui che aveva lasciato il passaporto in un ufficio pubblico.... a rientrare comunque. EVVIVA ALITALIA
francesca g|febbraio 2020|Roma|Johannesburg|Internazionali|Economy|5.0|puntualissima|Sono stati puntuali sia in andata che in ritorno Gli aerei erano completi e mi hanno detto che sono sempre pieni intrattenimeto nella media il cibo era buono il personale gentile
Roberto B|febbraio 2020|Roma|Tel Aviv|Internazionali|Economy|4.0|Extra confort in economy|l'opzione extra confort consente di usufruire della fila di emergenza che su A321 √® molto ampia. inoltre il posto accanto √® rimasto libero, quindi ancora pi√π confort
erdef|marzo 2020|Milano|Tokyo|Internazionali|Economy|5.0|Efficienza inaspettata|Mi √® stato cancellato il volo per Tokyo, ho chiamato il numero 892010 e mi √® stato subito fatto il rimborso sulla carta di credito dalla quale ho effettuato la prenotazione. In un momento cos√¨ delicato per le compagnie aeree non mi aspettavo un'efficienza simile. Trovo spropositati e insensati i costi di questo numero che √® a pagamento, per questa richiesta di rimborso ho speso 13 ‚Ç¨ di telefonata.
maupassa|marzo 2020|Catania|Mal√©|Internazionali|Economy|3.0|Viaggio alle Maldive|Finalmente grande puntualit√† sia all andata che al ritorno di questo viaggio e gentilezza e professionalit√† dell equipaggio, ma mi chiedo , in un volo di 11 ore √® possibile che nessuno provveda alla pulizia dei bagni ? Un pallino in meno per questo motivo
Teo|marzo 2020|Milano|Tokyo|Internazionali|Economy|1.0|Una compagnia di m....!|Pessima esperienza nel customer service. Non solo non risponde mai nessuno dopo ore al telefono, ma addirittura chiamando a un altro interno l assistente ci manda a fare in c..o! Che schifo di compagnia!
pieri464|febbraio 2020|Rio de Janeiro|Roma|Internazionali|Business|5.0|eleganza|Volo di ritorno Rio-Roma indubbiamente viaggiare in business class √® molto piu confortabile ma quando si fanno vari viaggi in questa classe si fanno confronti con compagnie o con la stessa per dare recenzioni.Ultimamente Alitalia √® sempre puntuale sugli orari se non ci sono complicanze aeroportuali ,per quanto riguarda la poltrona del boeing 777 sono comode ben funzionali e ultimamente ce stato un restailing allo schermo video dove la programmazione √® ampia.Il servizio di bordo √® stato cortese professionale e disponibile a tutte le necessit√† ,mia figlia ha avuto dei malori.I gaget come giornali necesseire personali,creme dentifricio ecc,buoni.Per quanto riguarda il cibo e vino buoni e ben presentati ad eccetto della prima colazione che come in altri viaggi √® non all altezza in particolari nei lieviti,cornetti briosche ,non di qualit√†.Comunque sono anni che viaggio con Alitalia specialmente viaggi lungo raggio e posso dire di essere rimasto generalmente sempre soddisfatto.Da provare la launge a Fiumicino ricca ben curata piacevole.Non mi resta che augurarvi BUON VIAGGIO
alfredol238|marzo 2020|Napoli|Milano|Nazionali|Economy|1.0|Contact Center Alitalia VERGOGNOSO|Il 20 febbraio ho prenotato un volo Napoli Milano Linate per il 20 marzo delle 11,05 (AZ1286), con ritorno nella stessa giornata alle 19,20 (AZ1295), per una riunione di lavoro. il 29 febbraio mi √® stato comunicato che il volo Milano Napoli sar√† anticipato dalle 19,20 alle 18,15 ed il 4 marzo che il volo Napoli Milano sar√† anticipato dalle 11,05 alle 8,55. E' comprensibile che, con ci√≤ che sta capitando in questi giorni, ci siano voli cancellati e variazioni di orario. Ci√≤ che non √® accettabile, per√≤, √® che da quasi una settimana sto chiamando il numero telefonico indicato nelle comunicazioni di variazione orario (800650055) ed il numero a pagamento 892010 (con tariffa a tempo) indicato sul sito ALITALIA , senza riuscire mai a parlare con un operatore, anche dopo un quarto d'ora di snervante attesa. In tali condizioni, non mi √® possibile nemmeno richiedere il rimborso del biglietto, inutile a causa dell'anticipo della partenza da Milano, perch√® non c'√® una email di contatto, ma soltanto numeri telefonici aI QUALI NON RISPONDE MAI NESSUNO. E' UNA VERA VERGOGNA!!!!'
giulio57|marzo 2020|Tokyo|Milano|Internazionali|Economy|1.0|call center alitalia|incaricato da mio figlio a cui hanno annullato il volo tokyo milano dirottandolo su roma ho provato la pessima esperienza del call center alitalia . Ieri dopo numerose chiamate di cui una di 1 ora e 7 minuti tutte senza riposta ho riprovato alla mattina alle 6.30 . Attesa di venti minuti e poi e' caduta la linea senza poter parlare , altra attesa di 15 minuti e finalmente riesco a parlare con una ragazza gentile ma decisamente impreparata perche' per tre volte ...un attimo che chiedo ... e modificare il volo da roma a milano malpensa su linate . guadagnando 40 minuti . Dire servizio pessimo e' un regalo ....
luciofire74|NULL|Roma|Catania|Nazionali|Economy|5.0|Rimborso bagaglio|Tornando da Roma con un volo Alitalia ho avuto la spiacevole sorpresa di trovare la valigia rotta, mi sono recato al box addetto e ho compilato un modulo, la signora √® stata molto gentile e mi ha detto che mi avrebbe dato una valigia nuova, ma non immaginavo che dopo 30 minuti mi avrebbero contattato e dopo 2 giorni mi avrebbero inviato a casa una valigia nuova di zecca. Tutto questo dovrebbe essere normale, invece non lo √® per tutti, infatti la stessa cosa mi √® capitato con blue panorama la quale non mi ha nemmeno risposto nonostante gli abbia inviato tutta la documentazione. A volte quando si risparmia c'√® sempre qualcosa sotto.. Complimenti ad Alitalia, azienda veramente seria.
Francesco G|marzo 2020|Zurigo|Palermo|Europa|Economy|5.0|Preciso|Pulito.Spazioso. Gentili il personale. Preciso e ordinato. Le hostess gentili e attenti. Il volo tranquillo e veloce.
Enrico G|febbraio 2020|Johannesburg|Roma|Internazionali|Business|5.0|volo perfetto|Accoglienza a bordo e servizio in aeroporto impeccabili. La nuova Lounge ottima veramente. Volo magnifico.
Francesco G|febbraio 2020|Bari|Milano|Nazionali|Economy|4.0|Tutto perfetto|Una tra migliori compagnie in termini di vettori, volo, atterraggio e rapporto qualit√† prezzo. Spazio non ridotto tra i sedili che consente un viaggio comodo.
Roberto S|marzo 2020|Marsiglia|Roma|Europa|Economy|1.0|Servizio clienti|Usando due telefoni in due ore sono riuscito a prendere la linea 5 volte... ogni volta con attese superiori alle mezz‚Äôora.. ogni volta mi √® caduta la linea √® non sono riuscito a cambiare il volo come avrei voluto... nessuno che ha provato a richiamarmi... in aeroporto poi a quanto pare non √® possibile tale modifica... visto che non hanno abbastanza personale perch√© non permettono di modificare la prenotazione on Line o da app? E meno male che il servizio dall‚Äôestero √® gratuito, facendo il numero verde dall‚ÄôItalia avrei pagato pi√π del biglietto
Marco&Priska|NULL|Zurigo|Brindisi|Europa|Economy|1.0|Dispiaciuto|E mai possibile che non risponde mai nessuno al telefono 2 giorni a provare ad avere un contatto per modificare un volo.......... E VERGOGNOSO. Non viaggero' mai con ALITALIA.üò•üò•üò•.Italia italia italia....poveri noi.
iunciwi|febbraio 2020|Roma|Santiago|Internazionali|Economy|3.0|Stiamo per arrivare alla frutta|Interni distrutti e trasandati. Pulizia sommaria e sporcizia in giro. Ogni tanto bisognerebbe dargli una lavata a sti aerei. Cibo sufficiente in quanti√† ma a discapito degli anni d'oro, qualit√† proprio da low cost. Professionalit√† in leggero declino. Purtroppo amo la nostra compagnia nazionale, e continuer√≤ a volarla!
Pinella B|febbraio 2020|Roma|Mal√©|Internazionali|Economy|2.0|Inaccettabili condizioni di volo|Purtroppo devo dire, con grande rammarico, che ho giurato a me stessa di non partire pi√π con Alitalia . √à inaccettabile che una compagnia aerea come Alitalia costringa i propri passeggeri ad effettuare viaggi intercontinentali in assenza del minimo spazio vitale. Non potersi muovere, non poter allungare le gambe e poi.....non appena il tuo compagno di sventura seduto davanti a te decide di abbassare il sedile per riposare, sei fregato. Il monitor ti arriva a pochi cm dal viso e ti manca l‚Äôaria, sei incastrato e devi affrontare in queste condizioni 10-12 ore di volo dopo aver pagato biglietti non proprio economici!!! Il cibo ogni volta che parto √® sempre pi√π scadente . Insomma davvero un‚Äôesperienza negativa che va a sommarsi alle precedenti sempre in Alitalia. Per viaggiare bene devi necessariamente prendere la business class. Non √® seriet√†!!!!
Roberta R|NULL|Mal√©|Roma|Internazionali|Economy|1.0|Infernale|Reputo clamorosamente scorretto fare stare i passeggeri per 10 ore Di volo in condizioni improponibili. Aeromobili scomodissimi, nessuno spazio per le gambe, disorganizzati sia all'andata che al ritorno televisori mal funzionanti. Improponibile . Una compagnia Low coast ha pi√π vantaggi.
Bruno V|febbraio 2020|Cagliari|Roma|Nazionali|Economy|1.0|Impossibile ottenere rimborso|A quando la chiusura definitiva di questo scempio di Alitalia? Cos√¨ ci leviamo tutti quanti un costo inutile dalle spalle. Sono pi√π di 10 giorni che cerco di parlare con il servizio 892010 (unico metodo per ottenere il rimborso) ed il servizio dice che sono tutti impegnati e di richiamare. Vergognatevi!!!
pier id|febbraio 2020|Roma|Santiago|Internazionali|Economy|4.0|Pensavo peggio|Andata su aereo EI DDH: A Fiumicino rapidi e gentili. Partenza in ritardo arrivo puntuale. A bordo tutto integro e funzionante. Intrattenimento, sedili, toilette, tutto in ottime condizioni. Cena pi√π che decente. Staff gentile e attento. Consegna bagagli velocissima. Ritorno su EI ISA: in aeroporto impiegata poco amichevole, partenza puntuale, arrivo mezzora di anticipo. Intrattenimento con schermo vecchio. Sedili pi√π duri. Staff alla romana. Cibo non memorabile ma piu che decente. Consegna bagagli ancora pi√π veloce. Direi di non dare retta alle recensioni isteriche perch√© non corrispondono alla realt√†. Attenzione: ho evitato i posti finestrino e i due centrali del gruppo di 4 in mezzo, consiglio di farlo sempre nei voli lunghissimi come questo, perch√© c'√® lo scatolone di metallo tra i piedi che pu√≤ far saltare i nervi .
Marco Geronazzo|maggio 2019|Milano|Napoli|Nazionali|Economy|3.0|Una garanzia|Alitalia, pur non fornendo un servizio eccezionale, in generale, d√† la possibilit√† di viaggiare in Italia, almeno verso le maggiori citt√≤ italiane nel modo migliore. Un drink e uno snack in volo sono sempre forniti, il personale √® mediamente gentile e la puntualit√† √® un punto di forza almeno per le 12 tratte sulle quali ho potuto volare sempre tra Milano e Napoli. Una sola volta il ritardo √® stato importante ma non ascrivibile alla compagnia aerea. Consiglio Alitalia anche perch√© preferisco sempre una tariffa chiara, magari anche pi√π alta ma con bagaglio e drink compreso.
Giuls76|febbraio 2020|New York City|Milano|Internazionali|Economy|1.0|Imbarazzante|Volo intercontinentale New York Milano...posto a sedere scomodissimo, personale maleducato e molto poco professionale. Pasti indecenti...per colazione una simil brioche confezionata schiacciata e buttata sul tavolino e caff√® a malapena tiepido. Un low cost √® decisamente pi√π decente di questo volo pretesamente di linea...Sarebbe il caso di far fare un giretto a dipendenti e dirigenti su un volo Delta per far capire loro come dovrebbe funzionare il servizio. Mi chiedo perch√© ci si ostini a cercare di salvare una compagnia che ormai √® palesemente decotta.
Attilios|febbraio 2020|Catania|Milano|Nazionali|Economy|5.0|Sempre meglio Alitalia|Viaggiare con Alitalia alla fine √® sempre pi√π vantaggioso. Voli sicuri, mai ritardi eccessivi o annullamento. Inoltre flessibilit√† da parte del personale sia in aeroporto che in volo. Appena cambio per necessit√† e non per scelta, ho problemi vari. Con Alitalia mai.
PaoloRiccardoCarrara|marzo 2019|Bruxelles|Roma|Europa|Economy|4.0|Volo Bruxelles-Roma...|Volo del tardo pomeriggio da Bruxelles a Roma, tra i pi√π gettonati come orario per un comodo rientro a Fiumicino. Leggermente in ritardo l'imbarco, quindici minuti recuperati per√≤ durante il volo. Un vero affare (‚Ç¨60) il prezzo pagato.
Andrea M|febbraio 2020|Milano|Parigi|Europa|Economy|1.0|IMPOSSIBILE CONTATTARE IL CALL CENTER|Ho necessit√† di cambiare il volo , ma √® impossibile contattare il call center , non ci altri strumenti validi per comunicare con Alitalia. E' una vergogna !
Roberto G|febbraio 2020|Milano|Buenos Aires|Internazionali|Economy|2.0|Purtroppo non ci siamo|"Questo √® stato il mio primo volo di una certa portata con Alitalia: Linate-Roma e Roma-Buenos Aires. Non parte benissimo a partire dal check-in online: spesso va in errore e alla fine non mi fa stampare n√© inviare le carte d'imbarco, al ritorno ho provato invece l'app ed √® decisamente pi√π veloce e funzionale. I voli da e per Roma passano velocissimi ma posso dire che gli aeromobili sono vecchi e usurati, tutto il resto nella norma, apprezzabile il servizio bevande gratuito. Lo scalo a Fiumicino √® piacevole ma il gate viene definito solo 1 ora prima dalla partenza e quasi subito inizia l'imbarco comunque ben organizzato e concluso in anticipo. Le note dolenti appena entrato nell'aeromobile, un Boeing 777-200 non certo recente dove usura e rottura sono la regola. Lo schienale del sedile era privo di imbottitura (sentivo la struttura interna), pensavo fosse solo il mio ma i vicini uguale, volevo scendere, come si possono passare 14 ore in quella condizione? Ho dovuto risolvere frapponendo il cuscino...allucinante! Poi il poggiatesta ovviamente non tiene la posizione ma cade di continuo, da un sedile vicino ho visto sollevarsi completamene la seduta e non mancano altre componenti rotte. La spazio sarebbe nella media ma i vetusti box per l'intrattenimento non permettono di accomodarsi al meglio. Sempre se proprio lo vogliamo chiamare intrattenimento perch√© a parte essere partito dopo 2 ore a seguito di vari reset lo schermo √® piccolissimo e con illuminazione scarsa, √® comandato da un joystick lentissimo, si sente male e non c'√® molta scelta. Veramente ridicolo e ""vintage"" anche il video sulla sicurezza. Il servizio √® basic: coperta, cuscino, auricolari, cena, colazione e stop, nessun extra, lasciano soltanto delle bevande in fondo all'aereo per servirsi autonomamente. Il cibo non era malvagio, soprattutto la colazione all'italiana. I bagni essenziali ma abbastanza puliti e profumati. Al ritorno non ero certo felice di passare molte ore (la maggior parte diurne) nella scomodit√† pi√π assoluta e invece cambia tutto: l'aeromobile, sempre B777-200, rinnovato con sedili dalla corretta imbottitura e meno usura in generale, l'intrattenimento degno di chiamarsi cos√¨ con schermi pi√π grandi e touch, una buona selezione di film e informazioni dettagliate sulla rotta. Anche il servizio pi√π curato con gli assistenti che giravano pi√π spesso con bevande e snack. Per concludere posso dire che complessivamente l'esperienza non mi √® piaciuta, se Alitalia vuole mantenere o estendere il lungo raggio deve obbligatoriamente rinnovare la flotta. La tariffe non sono poi certo le pi√π convenienti. Al momento per tratte lunghe consiglio di valutare alternative."
Luigi|gennaio 2020|Roma|Mal√©|Internazionali|Economy|4.0|Affidabile|9 ore di volo senza problemi ed in tranquillit√† . Ho trovato strano che sia consentito ad alcuni energumeni passeggeri di bere alcol, acquistato nei duty-free, in grande abbondanza.
Francesco G|febbraio 2020|Roma|Alghero|Nazionali|Economy|1.0|pessimi|per modificare o annullare sei costretto a chiamare all'infinito un numero verde che dopo ore e ore risponde
claudio|febbraio 2020|Roma|Mal√©|Internazionali|Business|4.0|LUNGO RAGGIO|Da un po' non viaggiavo con Alitalia. Motivi vari. Non perch√© ne fossi stato deluso in precedenza. Roma ‚Äì Male in classe ‚ÄúMagnifica‚Äù circa 10 ore in perfettissimo orario sia andata che ritorno. Volo con A 330 (chiss√† quando un A 350!! pi√π volte provato e goduto) Personale gentile e premuroso. Viaggio di notte all'andata e giorno al ritorno. Cena e pranzo con buona scelta di profumi e sapori italiani. Importanti anche i vini che accompagnavano i cibi. Un po' di delusione sullo schermo dinanzi nella scelta dei films (pochi) e della musica da poter ascoltare durante le ore di volo!!! Touch funzionante male e idem quello manuale. Ho fatto una richiesta (30 minuti prima dell'arrivo) al personale di bordo se sapessero il Gate del volo che dovevo prendere arrivato a Roma ‚Ä¶ √® rimasto privo di risposta: molte altre volte mi hanno dato l'indicazione esatta.
elena682015|febbraio 2020|Milano|Mal√©|Internazionali|Economy|1.0|mai pi√π (ahim√®)!|"Mai pi√π nella vita la compagnia di bandiera... aggiungerei purtroppo perch√© speravo in qualcosa di buono... volo di andata Milano-Male 2 ore di ritardo giustificato a posteriori con un ""abbiamo dovuto cambiare il filtro del carburante""; domanda... non lo sapevate prima??? arrivati a destinazione ulteriore ritardo di 40min. perch√©, avendo Male una sola pista ed essendo noi in ritardo, dovevano ""infilarci"" tra un volo e l'altro...  volo di ritorno: arrivando in idrovolante, vediamo arrivare anche il ns. aereo... in ritardo di ca 1h. pertanto altra 1h e 30min di ritardo... freddo polare tipo cella frigo (che non siamo riusciti a far modificare in nessun modo e cibo pertanto freddo) per ca. 10h e 45min! arrivo a malpensa: ovviamente in ritardo!!!  cosa dire?!?! depenno anche questa compagnia e la lista di quelle che meritano la spesa e il costo, si riduce sempre pi√π...  spazio gambe eccellente ma perch√® ho pagato l'extra leg..."
Claudia F|NULL|Cagliari|Milano|Nazionali|Economy|4.0|Un volo piacevole.|√à stata la prima volta che ho viaggiato con Alitalia. L'aereo √® partito in orario, e arrivato in orario. Steward e hostess cordiali ed educati. Come prima impressione, posso dire di essere piuttosto soddisfatta.
Ettorino05|febbraio 2020|Bari|Roma|Nazionali|Economy|2.0|Stavolta no|Ho volato di nuovo con questa compagnia a distanza di un anno, ma stavolta l‚Äôesperienza non √® stata positiva: imbarco e disimbarco con tempi biblici a causa dell‚Äôalto numero di persone con bagaglio a mano. Questo ha causato un enorme dispendio di tempo nel sistemarli tutti e poi nel riprenderli, sparpagliati qua e l√† sul velivolo. Solo a un paio di persone all‚Äôingresso dell‚Äôaereo √® stato detto di lasciare il bagaglio l√¨ per collocarlo in stiva. Di solito le altre compagnie risolvono simili problemi gi√† al gate, facendo imbarcare i bagagli da un certo punto in poi. E questo snellisce di molto le operazioni. In conclusione: 45 minuti di volo e quasi altrettanti per le operazioni di imbarco. Stavolta un‚Äôesperienza negativa.
Alessio B|NULL|Milano|Mal√©|Internazionali|Economy|4.0|Buon volo|All' andata volo diretto notturno di 10 ore : cena servita discreta , colazione discreta , spazio tra i sedili sufficienti ma nel complesso abbiamo volato bene ( era un A330 se non sbaglio az774). Al ritorno volo diretto giornaliero di 11 ore : pranzo e merenda sufficienti anche se su espressa richiesta mi hanno offerto champagne anzich√© vino ( era San Valentino ). Nel complesso volo abbastanza comodo che mi sento certamente di consigliare.
Paola dea|febbraio 2020|Napoli|Miami|Internazionali|Economy|5.0|I miei eroi|Alivernini Fabio, Giulia cleriro sono stati i nostri eroi, Giulia in particolare ci ha permesso di effettuare il nostro viaggio in famiglia nonostante mio figlio Lorenzo avesse dimenticato il passaporto sulla tratta Napoli Roma, e avessimo perso la coincidenza per Miami, ci ha riprotetto su un volo per New York permettendoci di raggiungere i nostri familiari a Miami, e dedicandoci molte ore del suo tempo... √à stata straordinaria grazie a lei volero' sempre con Alitalia consigliando a tutti una compagnia, aerea connotata dalla presenza di tali professionisti grazie Giulia ‚ù§Ô∏è
CarlaMAMMA|gennaio 2020|Roma|Mal√©|Internazionali|Economy|2.0|delusione|Da tempo non viaggiavo con Alitalia e mi aspettavo il comfort di una volta, invece delusione totale. Molto meglio i voli con le compagnie low cost. Cibo di qualit√† bassa, peggio delle compagnie straniere. Video per i film molto importante in tratte cos√¨ lunghe, pessimo: il touch funzionava molto male, mio marito ci ha rinunciato. L'audio di certi film era inascoltabile, non si comprendevano le parole. Per finire bagni sporchi. Mio marito viaggia molto per lavoro e Alitalia non si pu√≤ usare a meno che tu non vada a Roma. Mi √® capitata Alitalia nel pacchetto vacanza ma non la sceglierei mai, peccato..........
@augusto1969fano|febbraio 2020|Milano|L&#39;Avana|Internazionali|Business|3.0|mi aspettavo di piu|mi aspettavo qualcosina in pi√π dalla mia compagnia aerea invece √® caduta sui dettagli come ad esempio servire ugualmente un piatto di pasta visibilmente bruciato ,per poi sentirsi dire che era l^ultimo piatto perch√® i primi erano finiti
Assssss|febbraio 2020|Roma|Reggio Calabria|Nazionali|Economy|1.0|Sig|Pessimo servizio all'imbarco. L'addetto ai controlli ha pensato bene di etichettare i primi 20 bagagli x non farli portare in cabina mentre i restanti, cio√® i bagagli degli ultimi arrivati, sono stati portati in cabina senza alcun problema. Le altre compagni di solito fanno il contrario... Pessimo servizio
Rosalba R|febbraio 2020|Napoli|Cairo|Internazionali|Economy|3.0|Senza infamia e senza lode|Viaggio Napoli Cairo con scalo a Roma. Arriviamo con l‚Äôansia che possa essere in ritardo il primo volo per Roma ma non lo √®. E poi in ansia che sia in ritardo il volo per Il Cairo perch√© abbiamo gi√† aspettato 5 ore errando per l‚Äôaeroporto di Fiumicino, ma non lo √®. I bagagli sono partiti da Napoli e mandati direttame al Cairo. Neanche a dirlo sempre con l‚Äôansia. Sono arrivati! Che dire, purtroppo con Alitalia le vecchie esperienze non le cancelli dalla mente! Sedili mediamente comodi. Spazio gambe strettissimo. A bordo, pranzo con mini panini gelati e insipidi ma in vassoio e tazza molto belli. Crumble di frutta molto buono. No film a bordo. Ma ho spento il cellulare in uso aereo e ho giocato a Candy crash e guardato un film scaricato da Netflix.
Lisa|febbraio 2020|Bologna|Catania|Nazionali|Economy|1.0|Disservizio totale all assistenza !|√à 4 giorni che chiamo l assistebza per poter imbarcare il cane in cabina ma dopo 4 giorni di attese snervanti di 25 30 minuti cade la linea ! Ho mandato email ma non ho ricevuto neanche una risposta . Non a endo loro possibilit√† di fare questa operazione online sono costretta a chiamare l assistebza. Vorrei sapere se qualcuno sa qualcosa a riguardo . Grazie
Scimotalu|gennaio 2020|Roma|Atene|Europa|Economy|5.0|Perfetto|Arrivati in anticipo sia all'andata che al ritorno, all'andata il decollo √® stato talmente perfetto che non avevo capito che eravamo partiti, atterraggio idem. Non posso che parlarne bene. Piccolo snack a bordo salato o dolce, con bibita che fa sempre piacere.
Chouette90|febbraio 2020|Cagliari|Roma|Nazionali|Economy|1.0|UN INCUBO|Sono da pi√π di un ora al telefono in attesa per un volo cancellato... mi hanno chiuso la telefonata 3 volte. Professionalit√† uguale a 0. Un incubo, hanno solo disservizi.. si meritano la concorrenza come Ryanair.. per servizi del genere ovvio che poi uno sceglie il low cost.. per avere un cattivo servizio da una parte e dall'altra almeno spendo meno. PESSIMI
Albert_One|febbraio 2020|Johannesburg|Roma|Internazionali|Economy|4.0|Buona Alitalia|"Per una volta posso scrivere una recensione ""discreta"" per un volo Alitalia! Puntuale, buon servizio, buona cucina assistenza ottima!"
Albert_One|gennaio 2020|Roma|Johannesburg|Internazionali|Economy|4.0|Buon Volo|Imbarco puntuale, servizio a bordo efficiente, cena e colazione buoni ed all'altezza della tradizione italiana. Intrattenimento valido.
Chevalie|febbraio 2020|Napoli|Milano|Nazionali|Economy|3.0|come sardine|"Prezzo alto- posti con ridotta disponibilit√† per le gambe che impongono una postura molto scomoda i mie posti 16a e 16b, servizio di bordo appena sufficente un bicchiere al ""volo"" il cui resuduato ho dovuto poi mettere nella tasca davanti alle gambe perch√® lo sturat non ha voluto ritirarlo."
Wilki50|NULL|Londra|Roma|Europa|Economy|5.0|Travagliato ma sicuro|Volo del 9 Febbraio il giorno della tempesta su Londra. Uno dei pochi voli non cancellati e quasi in orario nonostante grosse difficolta' ad atterrare in arrivo a Londra. Cortesia e simpatia del personale di cabina in un decollo parecchio disturbato dal vento Professionalita' al massimo livello e un ottimo pilota
Andrea76|febbraio 2020|Milano|Catania|Nazionali|Economy|5.0|Tutto perfetto|Voli a/r entrambi puntuali, aerei puliti, personale gentile. Molto cortese anche il personale di terra che ha assecondato una mia richiesta. Ottima esperienza.
ft1968|febbraio 2020|Torino|Brindisi|Nazionali|Economy|4.0|Con Alitalia voli al massimo... i problemi rimangono a terra|Trovo che Alitalia sia sinonimo di qualit√† di volo ad alto livello. Vero, i problemi gestionali non sono mai risolti; ma quando si tratta di decollare, con la nostra compagnia di bandiera si vola sempre splendidamente. Unico brivido? l'atterraggio a Torino, ma a Caselle tirava un vento molto forte...
PaoloRiccardoCarrara|maggio 2019|New York City|Roma|Internazionali|Business|4.0|Volo da New York a Roma...|Volo da New York a Roma effettuato da B777 e partito con un'ora di ritardo. Ritardo comunicato per mail gi√† alle 7,30 del mattino e in parte (trenta minuti) recuperato durante il volo. Buono il servizio in Magnifica con personale di bordo simpatico. Sempre concorrenziale (rispetto a compagnie di linea) il prezzo della business di Alitalia.
Sandro C|febbraio 2020|Roma|Monaco di Baviera|Europa|Economy|5.0|TRANQUILLO|Volo rilassante all'andata e al ritorno e anche in anticipo. Ho scoperto che offrono un ottimo the caldo. Ottimo equipaggio e i piloti sono i migliori.
Gennaro s|febbraio 2020|Roma|New York City|Internazionali|Economy|3.0|Soddisfatto non del tutto|Era la mia prima esperienza con un volo cos√¨ lungo. All‚Äôandata verso NY un aereo mediocre con display non di ultima generazione e per mia sfortuna un sedile con la seduta staccata. Al ritorno invece un aereo molto pi√π confortevole con intrattenimento pi√π aggiornato. Pasti vegetariani no comment, solo la macedonia si salvava. Onestamente se dovessi ritornare nella grande mela opterei per una compagnia diversa.
Cikappa87|febbraio 2020|New York City|Roma|Internazionali|Economy|1.0|Male male|La peggiore compagnia con cui ho fatto viaggi intercontinentali. Aereo molto vecchio (A330) con un lo schermo piccolissimo e col touch problematico. Men√π della cena non scritto come tutte le altre compagnie del mondo, ma con le opzioni di piatti dette a voce al momento de servizio, le bibite arrivano un quarto d‚Äôora dopo il cibo. Colazione con una striminzita merendina riscaldata. Personale poco professionale e svogliato. Da evitare!
phil49Mondello|agosto 2019|Roma|Varsavia|Europa|Economy|2.0|A dieta.|Che delusione! e che fame! Meno male che avevamo portato qualcosa da mettere sotto i denti. Il volo fino a Varsavia non √® da considerare breve, ma probabilmente per Alitalia lo √®, quindi niente pasti; solo miserevoli snack.
Marco M|febbraio 2020|Roma|Bruxelles|Europa|Economy|4.0|Tutto bene|Tutto bene, volo in orario, bevande analcoliche e stuzzichini, molto posto disponibile ma ero sui sedili adiacenti alle uscite di emergenza.
PaoloRiccardoCarrara|marzo 2019|Roma|Londra|Europa|Economy|4.0|Volo da Roma a Londra in perfetto orario...|Volo del primo pomeriggio da Roma per Londra imbarcato con un quarto d'ora di ritardo ma atterrato in perfetto orario. Ci tengo a recensire tutti gli innumerevoli voli che effettuo con Alitalia per dimostrare che non √® poi quella tanto disastrata compagnia di cui si parla, almeno per quanto riguarda la puntualit√†. Io continuo, quando posso, a scegliere Alitalia. Segnalo sempre anche la Lounge al Terminal 3, una vera eccellenza.
PaoloRiccardoCarrara|marzo 2019|Roma|Bruxelles|Europa|Economy|4.0|Volo da Roma a Bruxelles...|Volo da Roma a Bruxelles del pomeriggio che si √® svolto regolarmente per quanto riguarda gli orari di partenza e d'arrivo (solo 5' di ritardo in atterraggio). Comodo come sempre il posto da me scelto sull'uscita di sicurezza. Regolare il servizio di bevande e snack. Pagato ‚Ç¨ 78 in economy light, ottimo.
rhah|febbraio 2020|Tel Aviv|Roma|Internazionali|Economy|1.0|bagaglio danneggiato|Alitalia,hanno rotto la ruota del bagaglio (adesso il bagaglio con 3 ruote invece di 4) anche hanno strappato il bagaglio...e non ho ricevuto un rimborso adesso ho buttato il bagaglio. e hanno fatto la stessa cosa con la mia amica e la mia sorella hanno strappato i bagagli ( nessuno rimborso)
PaoloRiccardoCarrara|maggio 2019|Roma|Venezia|Nazionali|Economy|3.0|Volo da Roma a venezia con 30' di ritardo...|Volo da Roma a Venezia imbarcato a dire poco in maniera demenziale... Logicamente niente finger a Fiumicino, parte il primo bus (con me dentro) che per√≤ arrivando sotto l'aeromobile resta con le porte chiuse. Dopo quasi venti minuti arriva il secondo bus che apre subito le sue porte in contemporanea al nostro, con il risultato che chi √® arrivato dopo si √® imbarcato prima. Dove finisce la priorit√† in questo caso? Alitalia dovrebbe sorvegliare pi√π attentamente sui servizi aeroportuali che noi passeggeri paghiamo molto cari. A Venezia finger ma trenta minuti di ritardo sull'orario previsto. Pagato ‚Ç¨65 in economy light.
Fabiola|febbraio 2020|Roma|Valencia|Europa|Economy|5.0|Forever Alitalia|Scelgo fino a quando e' possibile la nostra compagnia di bandiera, prima cosa viaggio tranquillo, mi sento piu' sicura di rispetto ad alcuni low cost, inoltre preferisco trasferire i miei soldi nelle casse di Alitalia e non in quelle di altri paesi europei. Sempre puntuale almeno i voli che ho preso io, anzi partito e arrivato in anticipo.
Maria Grazia D|febbraio 2020|Roma|Rio de Janeiro|Internazionali|Premium Economy|4.0|Affidabilit√†|L'Alitalia rimane per me la compagnia pi√π affidabile in senso di sicurezza. Non lo dico per affezione, ma conosco la preparazione e la seriet√† dei tecnici e dei piloti della compagnia avendo lavorato sui suoi aeroplani per tanti anni. Il volo √® stato puntuale sia all'andata che al ritorno.
Luca|febbraio 2020|Roma|Alghero|Nazionali|Premium Economy|1.0|Mr|Personale di terra incompetente. Mi aspetto un minimo di educazione dal personale di terra predisposto al contatto con il pubblico.Mi chiedo quale sia il criterio di selezione del personale. Chiedi delle informazioni in merito al volo e ti trattano come se non esistessi.il cliente? Non esiste. Ma dove viene formato questo personale? Magari se avessero badge con nome e cognome potrei fare anche i nomi delle specifiche persone.In realt√† sono provviste di badge,ma l' informazione del nome viene ridotta a un numero. Come mai? Incognita. Inoltre, mi trovavo in lista di attesa(da spiegare il motivo, visto che salita sull aereo c'erano dei posti vuoti) insieme ad altre 3 persone, loro hanno accesso prima di me all' imbarco(pur non disponendo di priorit√† nell' imbarco),io mi devo imbarcarcare per ultima.In base a quale criterio?Discriminazione?Pessima compagnia. Ultima osservazione, pare che la continuit√† territoriale non esista pi√π, a quanto detto da parte di un hostess di terra allo sportello,o meglio solo nei periodi estivi, sebbene a dicembre 2019 ne abbia usufruito.Al mio arrivo all' aeroporto di Alghero, decido di chiedere per conferma.In realt√† quest' ultima √® attiva, ma viene manipolata a seconda delle esigenze della compagnia. Questo √® il rispetto delle leggi vigenti. Prestate attenzione!!!
MariaV7220TT|febbraio 2020|Bologna|Reggio Calabria|Nazionali|Economy|5.0|Finalmente una recensione positiva!|Viaggio da sempre con Alitalia e, nonostante qualche pecca rilevata in qualche precedente recensione, devo dire che non esiste compagnia di cui mi fidi di pi√π. Ultimamente sono costretta a viaggiare spesso, per motivi di salute, purtroppo e, tutte le volte, ho riscontrato sempre la massima disponibilit√† da parte del personale a venire incontro ai miei problemi, facendomi procedere all'imbarco prioritario senza farmi attendere. Apprezzo, inoltre, la perfetta puntualit√† in partenza ed in arrivo. Gradito lo cioccolatino omaggio in occasione di San Valentino.
paolo puppa|febbraio 2020|Catania|Venezia|Nazionali|Economy|4.0|Luci nella notte|"Il viaggiatore anziano lascia Catania dopo tour di conferenze in Sicilia e torna a Venezia coll'Alitalia. Non si tratta di un viaggio di piacere n√© di affari. Le opzioni andrebbero allargate. Si √® trattato di un viaggio di lavoro universitario. E non di un solo volo, ma di un volo doppio, da Catania appuntoa Roma AZ!/!"" e poi Roma Venzia 1483. In passato, ilbviaggiatore √® stato anche Ulisse, e ora afferisce a Mille miglia. Ma da sempre √® un difensore della Azienda, nonostante i disastri ventennali della gestione, la dispersione economica, il regime commissariale. Un tempo brand di riconoscimento di cui andar fieri, oggi metafora perfetta della situazione generale vissuta dal paese. Eppure, nonostante la follia di un volo con pausa a Roma di oltre 4 ore, mancano infatti una linea diretta, lasciata ad altre societ√†, partenza alle 15 e 25 e arrivo a Tessera verso le 22, il viaggiatore anziano non pu√≤ che ringraziare il personale squisito, la puntualit√† estrema dei decolli e degli sbarchi, l'ospitalit√† e il buon gusto, l'offerta di bibite free, e in particolare nella tratta seconda un simpaticissimo e arguto capocabina con cui si √® intrattenuto. Costui, tutto fiero e attaccato alla sua bandiera, ha esaltatao i suoi colleghi, la loro dedizione e devozione al lavoro. E cos√¨ via."
Rio1992|gennaio 2020|Roma|Budapest|Europa|Economy|5.0|Volo perfetto !!!! Top di gamma !!!|Per fare Questo fine settimana lungo, ho deciso di non utilizzare un vettore Low Cost, ma la nostra bella quanto bistrattata Compagnia di Bandiera !!!! Il prezzo, considerando quello che offre, (scelta del posto, bagaglio maggiorato pi√π borsa tracolla o zaino drink e spuntino durante il volo) e‚Äô in linea con i vettori Low Cost, il target chiaramente √® pi√π alto rispetto alla concorrenza, aerei con posti pi√π comodi, servizio molto curato e puntuale !!! Il volo di andata e ‚Äò partito in perfetto orario, decollo ed atterraggio da manuale, arrivo in Ungheria puntualissimo !!!! Il volo di ritorno, stessa cosa !!!, arrivati con venti minuti di anticipo √® sempre con decollo e atterraggio perfetti !!!! Tanti di cappello a Alitalia !!!!
Daal|febbraio 2020|Alghero|Tokyo|Internazionali|Economy|1.0|Al limite del disumano|13 ore di viaggio dove non si poteva neanche allungare le gambe causa alimentatore degli ‚Äúschermi‚Äù posizionato sotto il sedile di fronte...schermo del dopo guerra non funzionante di conseguenza 13 ore di volo a guardare il sedile di fronte. Sporchissimo e servizio pessimo
furly75|febbraio 2020|Londra|Roma|Europa|Economy|5.0|Bel viaggio|Viaggio spesso in questa tratta e sicuramente volare con Alitalia da heathrow √® il modo pi√π comodo e veloce! Aeroporto comodo perch√© vicino alla citt√† e compagnia fantastica: certo non economica ma penso ancora l‚Äôunica che offre da bere ed uno snack durante un volo cos√¨ breve.
Gianluca B|febbraio 2020|Torino|Roma|Nazionali|Economy|2.0|Mah|Erano almeno 25 anni che non volavo co questa compagnia, ma sembra di essere rimasti fermi a quell'epoca. Aereo vecchio, non pulitissimo e scomodo..sar√† stata la tratta breve, ma questo √®. Servizio di bordo praticamente inesistente, Blue Air (low cost) che ho preso per la seconda tratta ha offerto uno snack che qua non si √® visto. Stendiamo un velo pietoso sul call center al quale ho dovuto rivolgermi per un problema al check in sulla seconda tratta...
petiteflamme|dicembre 2019|Buenos Aires|Roma|Internazionali|Business|5.0|Ottimo|Ottimo il viaggio , migliorata la qualit√† del servizio , puntualit√† perfetta , grande cortesia . Ottima e impeccabile la lounge cos√¨ come il cibo servito !
Manuela|gennaio 2020|Pescara|Milano|Nazionali|Economy|5.0|In volo per lavoro|Recensisco questo volo perch√© forse √® stato il migliore mai fatto: partito da Pescara in anticipo √® ripartito da Milano, il giorno dopo, in tarda serata sempre in anticipo. Partenza e atterraggio perfetti , morbidezza nella gestione del carrello che non √® scontata.
Ilario B|dicembre 2019|Rio de Janeiro|Roma|Internazionali|Economy|3.0|Sorrisi e cortesia sono rimasti a terra...|Ricordavo personale competente, disposto a rispondere alle domande, capace di relazionarsi in pi√π lingue, con i passeggeri... Non √® ci√≤ che ho trovato su questo volo. Le spiegazioni sull'utilizzo e l'ubicazione del materiale di salvataggio, sulle modalit√† di evacuazione e i soliti altri dettagli, sono stati lasciati alla lettura, volontaria, del passeggero. Il personale non ha risposto ad nemmeno un solo saluto, un solo sorriso e ,quando √® stato interpellato, non √® stato in grado di rispondere se non in italiano o a gesti...
Travellotto|dicembre 2019|Milano|New York City|Internazionali|Economy|4.0|Molto meglio che negli ultimi anni|Ho trovato con questo volo una conferma che negli ultimi due anni ci sono stati degli sforzi per migliorare lo standard di una compagnia che ha sofferto (e da quello che sentiamo soffre ancora). Ho volato bene con staff molto cordiale e attento e ci√≤ mi √® capitato gi√† negli ultimi 4 o 5 voli, sia con destinazioni in Italia che per l‚Äôestero
AdelchiLatina_Italia|gennaio 2020|Roma|New Orleans|Internazionali|Economy|3.0|Niente di particolare|Come scelta preferenziale mi fa piacere scegliere la compagnia di bandiera, ma in un volo che prevede due tratte si evidenziano le differenze!! Intanto vorrei sapere se chi ha disegnato i sedili dell'economy ci si √® mai seduto! Per non essere obbligati a stare piegati con il collo in avanti si deve mettere qualcosa dietro la schiena per fare spessore (e non dipende dall'altezza perch√© la stessa sensazione l'avevamo sia io che mia moglie che siamo di statura media) Decisamente di vecchia generazione i supporti audiovisivi. Il pranzo a bordo e la cena al ritorno non brillano certo per qualit√†. Di tutt'altra specie la tratta New York-New Orleans operata dalla DELTA: sedili di ottima qualit√† con spazio adeguato per le gambe, ottima qualit√† degli audiovisivi con ampia scelta dei titoli (peccato che noi italiani contiamo meno di niente visto che quelli in italiano erano 4/5) Perfino la qualit√† del video dedicato alle sicurezze era decisamente superiore Possibile che non si sappia neanche copiare??
PaoloRiccardoCarrara|maggio 2019|Atene|Roma|Europa|Economy|4.0|Volo da Atene a Roma atterrato co 10' d'anticipo...|Volo da Atene, imbarcato con finger, a Roma (sbarcato con bus) atterrato con dieci minuti d'anticipo. Buone le condizioni del velivolo, normale il servizio di ristoro (bevande e piccolo snack), sorridente il personale di bordo. Stranamente diversi i posti vuoti. Pagato ‚Ç¨140 in economy standard. A Fiumicino il bagaglio √® stato consegnato immediatamente.
PaoloRiccardoCarrara|aprile 2019|Venezia|Roma|Nazionali|Economy|4.0|Dal Marco Polo al Leonardo da Vinci, volo puntuale...|Volo pomeridiano da Venezia a Roma effettuato con A319 in buone condizioni di pulizia. Comodo per le gambe il posto da me scelto in prima fila. Servizio di snack e bevande regolare. Qualche posto vuoto. Atterrato puntuale. Imbarco e sbarco ottimo attraverso finger. Pagato ‚Ç¨ 81 in economy light.
PaoloRiccardoCarrara|maggio 2019|Roma|Toronto|Internazionali|Business|5.0|Volo Roma/Toronto...|Volo da Fiumicino a Toronto effettuato con A330. Perfette le operazioni d'imbarco, ottimo lo stato del velivolo, gentile e come sempre preparato il personale di bordo, buona l'offerta culinaria. Volo partito ed atterrato in perfetto orario. Comodo l'orario che permette una cena tranquilla a destinazione. Tra le migliori in assoluto la lounge a Fiumicino. Molto concorrenziale il prezzo in Magnifica. Volo quasi pieno. Non esistono motivi per non volare Alitalia, sul lungo raggio resta una signora compagnia.
RecensorediCapri|gennaio 2020|Napoli|Roma|Nazionali|Economy|2.0|Buono il volo, ma estremamente poco professionale il personale di cabina|"Insieme ad amici, ci imbarchiamo su questo volo ""di trasferimento"" da Napoli a Roma. Il volo di per s√® √® stato ottimo, ma le mie rimostranze vanno al personale di cabina che per l'intera breve durata si √® comportato come un gruppetto di scolaretti in gita scolastica, facendo confusione e mai, dico mai, venendo accanto ai pochi passeggeri, non foss'altro per far vedere che loro stavano lavorando! Di sicuro una pessima immagine per la ""compagnia di bandiera""!"
claudiomarras|gennaio 2020|Roma|L&#39;Avana|Internazionali|Economy|3.0|Dieta forzata|Dopo un pranzo che sapeva pi√π di merenda sono state oltre otto le ore trascorse senza ricevere alcunch√® da mangiare. La giustificazione √® stata che il volo √® partito per L'avana con un quantitativo di cibo che sarebbe dovuto bastare anche per il viaggio di ritorno (in quanto a Cuba non ci si sarebbe riforniti di pasti). Le hostess stesse hanno detto che i passeggeri avevano ragione da vendere nel lamentarsi (rendendosi perfettamente conto che il modus operandi adottato dalla compagnia sulla tratta Roma-L'Avana a/r √® scandaloso).
Vincenzo C|gennaio 2020|Roma|Buenos Aires|Internazionali|Business|5.0|Un viaggio che non stanca|La regola che mi sono dato, per voli oltre le cinque ore, √® la seguente: rinuncio a un viaggio su due, ma 'business class' e spippolando sul web si trovano occasioni convenienti. Ci√≤ detto la Business class Alitalia √® una delle migliori, sia per tipologia del sedile (che diventa un vero letto) sia per qualit√† del sevizio che per quella dei pasti. Arrivati a Ezeiza alle 7 del mattino, dopo un volo in cui si pu√≤ tranquillamente dormire per oltre sei ore, si √® pronti per scoprire Buenos Aires e al rientro a Roma che avviene pressapoco alla stessa ora non si avverte il jet lag (quattro ore). Davvero un buon viaggio.
MASSIMO M|febbraio 2020|Roma|Miami|Internazionali|Economy|2.0|Compagnia di bandiera? Assistenti di cabina pessimi|Ormai gli assistenti di cabina di Alitalia si sentono demotivati e non hanno pi√π il sentimento del servizio pubblico... sono tutti vecchi e in et√† da pensione, e (quasi) tutti sciatti e maleducati. Non c‚Äô√® turn-over con giovani leve e lo stato dell‚Äôintera compagnia si riflette proprio nel servizio della ecomomy offrendo un atteggiamento da classe bestiame: Gli assistenti borbottano fra loro, servono i vassoi in malomodo, e poi, appena possibile, scompaiono dietro le tende dell‚Äôarea riservata. Se in volo ci si reca all‚Äôopen bar di coda, i due di turno neppure smettono di chiacchierare fra loro. L‚Äôaeromobile non √® da meno: sedili e pannelli malandati, sistema enterteinent che non funziona e viene riavviato in volo e, infine e soprattutto, toilette che dopo due ore di volo sono diventate sudice lattrine. Con quello che i cittadini italiani hanno speso (e purtroppo) continuano a spendere per tenere in piedi questa compagnia, ormai da troppo tempo diventata solo un‚Äôinutile e costosa ‚Äúmangeria‚Äù sulle spalle della collettivit√†. Vergogna! Vergogna di bandiera!
Enrico B|febbraio 2020|Roma|Mal√©|Internazionali|Economy|4.0|contento ma non troppo|devo dire che io in genere non ho utilizzato Alitalia per i miei viaggi e questa volta invece che mi era capitato questa occasione ero ben contento di viaggiare Alitalia! sono italiano e quindi contento di utilizzare la compagnia di bandiera Italiana! Tutto √® andato bene devo dire .... aerei puntuali e puliti anche se mi sono sembrati un p√≤ datati.. il personale molto elegante e devo dire che non mi √® sembrato particolarmente gentile... diciamo una via di mezzo.... abituato con altre compagnie che fanno anche i riccioli ...il personale Alitalia mi √® sembrato pi√π diciamo.. sulle sue.... Ho mangiato anche abb bene... a parte la colazione.... o la merenda.... in viaggi di 10 ore di solito ti portano una colazione con vassoio.... frutta sciroppata caff√® succhi... eccc e anche la merenda √® quasi un altro pasto... qui con Alitalia... niente vassoio.. un brioches insacchettata e una tazza di caff√® e poche storie... eheheheh lo stesso per la merenda al ritorno... un panino .. un p√≤ da bere e via andare... mi √® sembrato un p√≤ sbrigativo.... dalla compagnia di bandiera della patria del cibo nel mondo mi sarei aspettato di pi√π!
Roberto52Bruno|dicembre 2019|Roma|Cagliari|Nazionali|Economy|4.0|Partito in ritardo ma arrivato puntuale|Nonostante il ritardo in partenza tutto √® andato per il meglio arrivando puntualmente a destinazione; per la brevit√† del volo accelerato per recuperare il ritardo non sono stati passati i soliti snack ma niente di male, meglio arrivare puntuali; tutto il resto nella buona norma di Alitalia.
67Gabriella|gennaio 2020|Milano|Palermo|Nazionali|Economy|4.0|puntualissima, anzi in anticipo|Volo diretto dalla citt√† dove dovevo recarmi per lavoro, alla mia citt√† (volo di ritorno). A differenza di altre volte, il volo √® partito in orario (quasi mai accade con l'ultimo volo della sera, che accumula i ritardi della giornata) ed √® arrivato addirittura in anticipo. Atterraggio un po' brusco, cosa che invece non √® usuale per i piloti Alitalia, che quando atterrano sembrano farlo sul velluto...
Roberto52Bruno|dicembre 2019|Cagliari|Roma|Nazionali|Economy|4.0|Puntuale|Ottimo volo, puntuale, Capo cabina molto solerte nel dare indicazioni ai passeggeri e nel controllare Wi-Fi, bagagli piccoli e indumenti nelle cappelliere; tutto bene, come sempre con Alitalia, con rarissime eccezioni.
superswift|febbraio 2020|Roma|Bologna|Nazionali|Economy|4.0|Quasi perfetto|Partenza ed arrivo senza problemi n√® ritardi, personale di bordo gentile. Alla perfezione manca un piccolo snack. Sole, paesaggi sfumati coi laghi vulcanici che si susseguono lungo la rotta
riccardo88|gennaio 2020|Tel Aviv|Roma|Internazionali|Economy|4.0|Volo piacevole|Scrivo il numero del volo di ritorno, non avendo conservato le carte imbarco. Direi volo accettabile, nessuna TV, possibilit√† di svago. Poich√® volo veloce, non ne sentivo necessit√†. Aereo direi datato, cmq pulito, buon servizio ristoro, gentile il personale.
giovy746|febbraio 2020|Reggio Calabria|Roma|Nazionali|Economy|2.0|Non ci siamo proprio|A parte la bravura indiscutibile dei piloti, non √® possibile viaggiare seduti in spazi sempre pi√π ridotti! Non si pu√≤ stare seduti correttamente perch√© il sedile davanti √® quasi attaccato a quello dietro. Un incubo.
ambdern|NULL|Torino|Mahebourg|Internazionali|Economy|2.0|Mini sfilatino farcito di salsa rossa|Nel mese di gennaio ci siamo concessi una vacanza a Mauritius. Volo di andata da Malpensa con scalo a Roma e nuovo volo a lungo raggio per Mauritus. Al ritorno il contrario. Innanzitutto le valutazioni positive: voli puntualissimi e pilotati bene. Purtroppo mi fermo qui. All'andata il personale di bordo era a dir poco sbrigativo, la cena grama e servita male con grande ritardo, il lavandino di uno dei bagni senza l'acqua e nessuna salviettina in sostituzione. A colazione ci √® stata consegnata in mano un brioche scaldata , un tovagliolo di carta ed una tazza di beveraggio. Al ritorno un altro equipaggio pi√π attento ma il pranzo altretanto gramo. Il massimo √® stato raggiunto con la cena quando dopo 10 ore di viaggio ci √® stato consegnato di nuovo in mano solo un mini sfilatino caldo farcito di salsa rossa aromatizzata pizza. Il tutto accompagnato da un tovagliolo di carta e dalla solita tazza di beveraggio. Dimenticavo.. lo schermo davanti al sedile di mio marito non funzionava. Forse √® meglio spendere un euro in pi√π per migliorare il trattamento dei passeggeri in economy che potrebbero tornare.....io cercher√≤ di non farlo....
Simone H|febbraio 2020|Miami|Milano|Internazionali|Economy|4.0|Complimenti ad Alitalia|Questo viaggio non era voluto o programmato da me, pero mi posso considerare fortunato. Nell'aereoporto di Miami la compagnia con cui dovevo tornare a casa mi ha cambiato volo perch√® il loro aereo era in ritardo e io avrei perso la coincidenza allo scalo di madrid. Alitalia mi ha sodisfatto molto, oltre le mie aspettative. Il personale di servizio √® stato molto professionale educato ma sopratutto simpaticissimo e questo io lo aprezzo molto. L'aereo era ben tenuto e pulito all'interno. Hanno servito due pranzi e un snack. E il cibo servito e stato migliore di quello servito in molte altre compagnie aeree.
taxideftis|gennaio 2020|Roma|Johannesburg|Internazionali|Economy|3.0|Cucina da incubo|I pasti serviti sia all'andata sia al ritorno erano terribili. Una notte passata con disturbi di stomaco. Pensare che una volta il catering era il vanto della Compagnia.
Luca G|novembre 2019|Venezia|Tokyo|Internazionali|Economy|4.0|viaggio in classe economy buono|acquistato pacchetto viaggio sul sito Gotogate che prevedeva due scali all'andata e uno al ritorno tutti in Italia e tutti con Alitalia. Tutti i voli sono stati buoni su quelli nazionali le hostes sono state cordiali e abbiamo avuto solo un piccolo snack mentre sul volo internazionale abbiamo avuto la colazione il pranzo e gli snack pre confezionati con la possibilit√† di scelta men√π europeo oppure asiatico. unica cosa negativa √® stata la poca distanza tra una poltrona e l'altra ho viaggiato comunque in classe economy ad un buon prezzo.
Manu|febbraio 2020|Roma|Alghero|Nazionali|Economy|1.0|Pessima pulizia a bordo|Voglio segnalare la pessima, se non inesistente, pulizia a bordo dell'aereo. In un momento delicato come questo (con un virus in corso) √® inconcepibile trovare nella tasca del sedile una mascherina antibatterica utilizzata per non parlare degli altri rifiuti. Il personale di bordo, gentilissimo e disponibile ha provveduto a pulire il mio posto.
Leonardo R|aprile 2019|Roma|Miami|Internazionali|Economy|1.0|Assistenza pessima|Premessa: un volo di 12 ore √® gi√† pesante di per se. Viaggio di ritorno con assistenti di volo scomparsi nel nulla, anzi, rifugiati in una capanna nella parte centrale dell‚Äôaeromobile che uscivano solo per distribuire i pasti. Ho chiamato tre volte tramite l‚Äôapposito pulsante per segnalare un problema ma l‚Äôassistente di volo √® passata spegnendo il segnale senza mai chiedere ed √® sparita. Oltretutto c‚Äôerano passeggeri seduti nei posti designati all‚Äôequipaggio vicino alle uscite di emergenza. Capo cabina veramente scorbutico e maleducato che ci ha minacciati di farci bandire da ogni volo della compagnia e di procedere con provvedimenti penali nei nostri confronti poich√© il passeggero davanti a noi ha abbassato bruscamente lo schienale durante la distribuzione dei pasti causando la caduta di quest‚Äôultimi facendo, inoltre, sbattere il tavolino nel torace. Il capo cabina che avevamo chiamato per segnalare l‚Äôaccaduto ripetutosi gi√† nelle prime ore del volo non ha voluto ragioni minacciandoci come sopra descritto.
Girlo69|gennaio 2020|Roma|Mahebourg|Internazionali|Economy|4.0|Si potrebbe fare di pi√π con i pasti.|Puntualit√†, comodit√† e cortesia sono ormai riconosciuti ....ma una grossa pecca sono i pasti. Nelle due tratte, niente di gradito...ed eravamo in 8.... Una tra tutte, la lasagna vegetariana....mamma mia!! Meglio portarsi qualcosa con se dal duty free....
Andreas_Tex|gennaio 2020|Roma|Buenos Aires|Internazionali|Economy|5.0|Ottimo|Check-in veloce e senza grossi patemi. Spazio per le gambe ottimo per essere in Economy, sedile discretamente comodo. Personale gradevole e disponibile. Cibo ottimo e abbondante.
simone67915|gennaio 2020|Roma|Rio de Janeiro|Internazionali|Business|5.0|Business ottima ma in calo.|Business Class sempre molto comoda ma qualit√† dell'intrattenimento di bordo un po' in calo, anche perch√© la programmazione √® uguale nelle due direttrici e quindi ripetitiva. Inoltre non c'√® pi√π un vero e proprio servizio di spuntini e bar durante il volo, al di fuori dei pasti programmati.
Roskio|dicembre 2019|Roma|New York City|Internazionali|Economy|2.0|Davvero non capisco.|"La mia esperienza con Alitalia non √® stata buona, ma spero che sia stata una situazione particolare. Pratiamo dal check in: dato che il biglietto era di KLM (che, per chi non lo sapesse, ormai fanno parte dello stesso gruppo) non ho potuto effettuare il check in online perch√© i loro programmi non funzionavano. Li contatto e molto semplicemente mi viene detto: ""eh succede, lo devi fare direttamente all'aereporto"", da li in poi benvenuti negli anni 80. Faccio il check in aereporto, mi imbarco e passo quasi 10 ore su un aereo di una scomodit√† senza tempo, conu n poggia testa ingestibile e durissimo, impossibile da alzare o abbassare rendendo la seduta un incubo. Lo schermo a disposizione per i passeggeri era una cosa inguardabile, osceno, lento, con una risoluzione imbarazzante. A completare il tutto c'√® il jack delle cuffie che funziona malissimo: ho passato met√† viaggio a smuovere le cuffie per sentire qualcosa ma √® stata una tortura.  Le cose positive ci sono per√≤: l'aereo √® partito e arrivato in orario (e non √® poco), hanno gestito l'imbarco e lo sbarco in modo eccellente, grazie ad un personale di qualit√† ineccepibile che si √® dimostrato sempre all'altezza e sempre super disponibile per qualsiasi nostra richiesta. Cibo buono, caldo il giusto e con opzioni molto valide per chiunque. Spero vivamente che la prossima volta l'aereo sia degno di tale nome."
-AnTo2609-|NULL|Roma|Francoforte|Europa|Business|5.0|Top|Volo tranquillo come sempre, servizio veloce e gentile. Atterraggio perfetto, e con qualche minuto di anticipo... Che dire, avr√† debiti sempre e comunque ma rimane la compagnia numero uno! Preferisco spendere di pi√π ma viaggiare sereno!
pattix|gennaio 2020|Trieste|Nuova Delhi|Internazionali|Economy|5.0|ottimo call center|ho sbagliato a le date del volo di ritorno da Delhi e per fortuna me ne sono accorta quasi subito ma ormai il volo lo avevo comperato e grazie a Claudio 440 del call center sono stata rimborsata dell'intera somma del volo e ho preso un volo con le date giuste. comunque per informazioni ho chiamato tutti i call center Alitalia e sono stati tutti gentilissimi nel risolvere il problema. Bravi
SANTARELLI E|NULL|New York City|Roma|Internazionali|Economy|4.0|Molto buono|Compagnia aerea utilizzata per la tratta New York - Roma Fiumicino. L'aereo √® riuscito a completare l'imbarco con mezzora di anticipo, partito in orario perfetto ed arrivato a destinazione con 35 minuti di anticipo. Trattamento a bordo ok, personale gentilissimo e disponibile. Intrattenimento a bordo ok. Unica pecca che posso segnalare: seduta con poco spazio per le gambe.
maria d|dicembre 2019|Roma|New York City|Internazionali|Economy|5.0|Viaggio a New york a fine novembre|Ho viaggiato con svariate compagnie, inglesi americane per viaggi a lungo raggio, Ma la nostra compagnia di bandiera √® stata l unica che mi ha coccolato,per la sua Gentilezza e disponibilit√† del personale, per il servizio reso, mi sono sentita a casa
adrianagamb|gennaio 2020|Roma|Buenos Aires|Internazionali|Business|5.0|Era un p√≤ che non volavo con Alitalia|Ottimo servizio, personale gentilissimo, il volo √® stato molto gradevole, era un p√≤ che non volavo con loro. Sono rimasta piacevolmente sorpresa.
isy27|NULL|Roma|Buenos Aires|Internazionali|Economy|2.0|Sconsigliato|Il peggiore viaggio intercontinentale ma vissuto. Cominciamo dalle condizioni dell'aereo: datato, con visibili lacerazioni nei sedili, schermi video antichi, audio mal funzionante. Sul cibo, che dire...l'anno scorso, con una compagnia spagnola, i pasti sono stati senza dubbio superiori e qui l'opzione vegetariana era ridicola. Il personale di bordo, seppur disponibile, era visibilmente stanco, credo anche per l'et√† media abbastanza alta. In un viaggio di una simile durata non √® concepibile un servizio tanto mediocre.
PinoMaselli|gennaio 2020|Bari|Nizza|Europa|Economy|4.0|Perch√©|Volo non spesso , preferirei farlo sempre con Alitalia, mi da pi√π certezza! Gradirei comunque avere X Nizza un volo diretto e non ogni volta cercare e creare le combinazioni di coincidenze molto estrose! Penso che in Puglia X la Costa Azzurra sia importante!
mark2010_10|gennaio 2020|Roma|Malaga|Europa|Economy|3.0|Nella media anche se troppo cara e..incredibile ma l'Italiano lo parla qualcuno a Malaga ?|La critica forte non √® indirizzata agli equipaggi con i quali abbiamo volato nessun problema, ma in particolare al personale dell'aeroporto a Malaga nostra destinazione. Se prendo Alitalia, credo che se anche io debba parlare inglese, ci sia qualcuno che mi sappia capire, non dico neanche che sappia parlare bene l'Italiano..ma che mi capisca. Se invece l'operatrice al banco del check in, di fronte ad un problema mi risponde non parlo Italiano e continua a ripetermi la stesse parole‚Ä¶.allora mi chiedo perch√© volare con Alitalia ? Qual √® la differenza con le altre compagnie? Se sono obbligato a parlare almeno inglese tanto vale scegliere altro‚Ä¶.Se volo con la compagnia di bandiera Italiana, due parole di Italiano pretendo che si parlino!!!!!!!!!! Per i costi dei biglietti, noi abbiamo viaggiato in economy, ma sono stati presi in promozione mesi prima, altrimenti avremmo speso il doppio, ma su questo non s√≤ se con le altre compagnie sia uguale. Un vero peccato il giudizio poteva essere ottimo .
Tristano C|gennaio 2020|Roma|Praga|Europa|Economy|5.0|Ottimo|Con Alitalia ottimo volo con tempi rispettati, personale al top sempre cortese e disponibile,√® sempre un piacere volare con questa compagnia nonostante le note vicissitudini in cui incorre possano far pensare il contrario. La consiglio vivamente.
Enrico R|NULL|Londra|Roma|Europa|Economy|4.0|Un giudizio positivo|"Ho apprezzato la professionalit√† del personale di bordo ed il servizio offerto. L'aereo era pulito ma non ""scintillante"" nei suoi arredi, ma temo che in questi annosi periodi di crisi non si possa pretendere di pi√π. In ogni caso il volo √® stato ok."
Amedeo B.|NULL|Torino|Reggio Calabria|Nazionali|Economy|5.0|No problem!|Volo andata e ritorno con scalo a roma, bagaglio in stiva.. volo decisamente ottimo, il bagaglio ha seguito lo scalo senza alcun problema. Ci fosse il volo diretto sarebbe eccezionale, in ogni caso consiglio alitalia a vita.
Freedom591212|gennaio 2020|Roma|Pointe-√†-Pitre|Internazionali|Economy|5.0|Un viaggio lungo (9 ore) ma confortevole|Personale di terra e di bordo gentilissimo. Assistenza in volo completa. Pulizia dell'aeromobile ottima. Pranzo e bevande pi√π che sufficienti. Purtroppo molto freddo ma coperte e cuscini a disposizione. intrattenimento con tv personale che avrebbe bisogno di controlli..
massimoadamo|gennaio 2020|Milano|Citt√† del Messico|Internazionali|Economy|2.0|Volo internazionale, aereo non all'altezza|Aspetti negativi: aereo non confortevole, spazi ridottissimi, sedili scomodi, monitor rotti, assente presa per caricare il cellulare. Pasti cos√¨ e cos√¨. Aspetti positivi: personale gentile, volo puntuale all'andata e con arrivo in anticipo al ritorno. Prezzo volo basso rispetto alla concorrenza al momento della nostra prenotazione (4 mesi prima)
